xQUEST_20150317_000001	
xQUEST_20150317_000002	
xQUEST_20150317_000003	
xQUEST_20150317_000004	
xQUEST_20150317_000005	
xQUEST_20150317_000006	
xQUEST_20150317_000007	
xQUEST_20150317_000008	
xQUEST_20150317_000009	
xQUEST_20150317_000010	
xQUEST_20150317_000011	
xQUEST_20150317_000012	
xQUEST_20150317_000013	
xQUEST_20150317_000014	
xQUEST_20150317_000015	
xQUEST_20150317_000016	
xQUEST_20150317_000017	
xQUEST_20150317_000018	
xQUEST_20150317_000019	
xQUEST_20150317_000020	
xQUEST_20150317_000021	
xQUEST_20150317_000022	
xQUEST_20150317_000023	
xQUEST_20150317_000024	
xQUEST_20150317_000025	
xQUEST_20150317_000026	
xQUEST_20150317_000027	
xQUEST_20150317_000028	
xQUEST_20150317_000029	
xQUEST_20150317_000030	
xQUEST_20150317_000031	
xQUEST_20150317_000032	
xQUEST_20150317_000033	
xQUEST_20150317_000034	
xQUEST_20150317_000035	
xQUEST_20150317_000036	
xQUEST_20150317_000037	
xQUEST_20150317_000038	
xQUEST_20150317_000039	
xQUEST_20150317_000040	
xQUEST_20150317_000041	
xQUEST_20150317_000042	
xQUEST_20150317_000043	
xQUEST_20150317_000044	
xQUEST_20150317_000045	
xQUEST_20150317_000046	
xQUEST_20150317_000047	
xQUEST_20150317_000048	
xQUEST_20150317_000049	
xQUEST_20150317_000050	
xQUEST_20150317_000051	
xQUEST_20150317_000052	
xQUEST_20150317_000053	
xQUEST_20150317_000054	
xQUEST_20150317_000055	
xQUEST_20150317_000056	
xQUEST_20150317_000057	
xQUEST_20150317_000058	
xQUEST_20150317_000059	
xQUEST_20150317_000060	
xQUEST_20150317_000061	
xQUEST_20150317_000062	
xQUEST_20150317_000063	
xQUEST_20150317_000064	
xQUEST_20150317_000065	
xQUEST_20150317_000066	
xQUEST_20150317_000067	
xQUEST_20150317_000068	
xQUEST_20150317_000069	
xQUEST_20150317_000070	
xQUEST_20150317_000071	
xQUEST_20150317_000072	
xQUEST_20150317_000073	
xQUEST_20150317_000074	
xQUEST_20150317_000075	
xQUEST_20150317_000076	
xQUEST_20150317_000077	
xQUEST_20150317_000078	
xQUEST_20150317_000079	
xQUEST_20150317_000080	
xQUEST_20150317_000081	
xQUEST_20150317_000082	
xQUEST_20150317_000083	
xQUEST_20150317_000084	
xQUEST_20150317_000085	
xQUEST_20150317_000086	
xQUEST_20150317_000087	
xQUEST_20150317_000088	
xQUEST_20150317_000089	
xQUEST_20150317_000090	
xQUEST_20150317_000091	
xQUEST_20150317_000092	
xQUEST_20150317_000093	
xQUEST_20150317_000094	
xQUEST_20150317_000095	
xQUEST_20150317_000096	
xQUEST_20150317_000097	
xQUEST_20150317_000098	
xQUEST_20150317_000099	
xQUEST_20150317_000100	
xQUEST_20150317_000101	
xQUEST_20150317_000102	
xQUEST_20150317_000103	
xQUEST_20150317_000104	
xQUEST_20150317_000105	
xQUEST_20150317_000106	
xQUEST_20150317_000107	
xQUEST_20150317_000108	
xQUEST_20150317_000109	
xQUEST_20150317_000110	
xQUEST_20150317_000111	
xQUEST_20150317_000112	
xQUEST_20150317_000113	
xQUEST_20150317_000114	
xQUEST_20150317_000115	
xQUEST_20150317_000116	
xQUEST_20150317_000117	
xQUEST_20150317_000118	
xQUEST_20150317_000119	
xQUEST_20150317_000120	
xQUEST_20150317_000121	
xQUEST_20150317_000122	
xQUEST_20150317_000123	
xQUEST_20150317_000124	
xQUEST_20150317_000125	
xQUEST_20150317_000126	
xQUEST_20150317_000127	
xQUEST_20150317_000128	
xQUEST_20150317_000129	
xQUEST_20150317_000130	
xQUEST_20150317_000131	
xQUEST_20150317_000132	
xQUEST_20150317_000133	
xQUEST_20150317_000134	
xQUEST_20150317_000135	
xQUEST_20150317_000136	
xQUEST_20150317_000137	
xQUEST_20150317_000138	
xQUEST_20150317_000139	
xQUEST_20150317_000140	
xQUEST_20150317_000141	
xQUEST_20150317_000142	
xQUEST_20150317_000143	
xQUEST_20150317_000144	
xQUEST_20150317_000145	
xQUEST_20150317_000146	
xQUEST_20150317_000147	
xQUEST_20150317_000148	
xQUEST_20150317_000149	
xQUEST_20150317_000150	
QUEST_20150317_000151	
QUEST_20150317_000152	
QUEST_20150317_000153	
QUEST_20150317_000154	
QUEST_20150317_000155	
QUEST_20150317_000156	
QUEST_20150317_000157	
QUEST_20150317_000158	
QUEST_20150317_000159	
QUEST_20150317_000160	
QUEST_20150317_000161	
QUEST_20150317_000162	
QUEST_20150317_000163	
QUEST_20150317_000164	
QUEST_20150317_000165	
QUEST_20150317_000166	
QUEST_20150317_000167	
QUEST_20150317_000168	
QUEST_20150317_000169	
QUEST_20150317_000170	
QUEST_20150317_000171	
QUEST_20150317_000172	
QUEST_20150317_000173	
QUEST_20150317_000174	
QUEST_20150317_000175	
QUEST_20150317_000176	
QUEST_20150317_000177	
QUEST_20150317_000178	
QUEST_20150317_000179	
QUEST_20150317_000180	
QUEST_20150317_000181	
QUEST_20150317_000182	
QUEST_20150317_000183	
QUEST_20150317_000184	
QUEST_20150317_000185	
QUEST_20150317_000186	
QUEST_20150317_000187	
QUEST_20150317_000188	
QUEST_20150317_000189	
QUEST_20150317_000190	
QUEST_20150317_000191	
QUEST_20150317_000192	
QUEST_20150317_000193	
QUEST_20150317_000194	
QUEST_20150317_000195	
QUEST_20150317_000196	
QUEST_20150317_000197	
QUEST_20150317_000198	
QUEST_20150317_000199	
QUEST_20150317_000200	
xQUEST_20150317_000201	
xQUEST_20150317_000202	
xQUEST_20150317_000203	
xQUEST_20150317_000204	
xQUEST_20150317_000205	
xQUEST_20150317_000206	
xQUEST_20150317_000207	
xQUEST_20150317_000208	
xQUEST_20150317_000209	
xQUEST_20150317_000210	
xQUEST_20150317_000211	
xQUEST_20150317_000212	
xQUEST_20150317_000213	
xQUEST_20150317_000214	
xQUEST_20150317_000215	
xQUEST_20150317_000216	
xQUEST_20150317_000217	
xQUEST_20150317_000218	
xQUEST_20150317_000219	
xQUEST_20150317_000220	
xQUEST_20150317_000221	
xQUEST_20150317_000222	
xQUEST_20150317_000223	
xQUEST_20150317_000224	
xQUEST_20150317_000225	
xQUEST_20150317_000226	
xQUEST_20150317_000227	
xQUEST_20150317_000228	
xQUEST_20150317_000229	
xQUEST_20150317_000230	
xQUEST_20150317_000231	
xQUEST_20150317_000232	
xQUEST_20150317_000233	
QUEST_20150317_000234	
xQUEST_20150317_000235	
xQUEST_20150317_000236	
xQUEST_20150317_000237	
xQUEST_20150317_000238	
xQUEST_20150317_000239	
QUEST_20150317_000240	
xQUEST_20150317_000241	
xQUEST_20150317_000242	
QUEST_20150317_000243	
xQUEST_20150317_000244	
xQUEST_20150317_000245	
xQUEST_20150317_000246	
xQUEST_20150317_000247	
xQUEST_20150317_000248	
xQUEST_20150317_000249	
xQUEST_20150317_000250	
QUEST_20150317_000251	
xQUEST_20150317_000252	
xQUEST_20150317_000253	
xQUEST_20150317_000254	
xQUEST_20150317_000255	
xQUEST_20150317_000256	
QUEST_20150317_000257	
xQUEST_20150317_000258	
QUEST_20150317_000259	
QUEST_20150317_000260	
QUEST_20150317_000261	
QUEST_20150317_000262	
QUEST_20150317_000263	
QUEST_20150317_000264	
QUEST_20150317_000265	
QUEST_20150317_000266	
xQUEST_20150317_000267	
xQUEST_20150317_000268	
QUEST_20150317_000269	
QUEST_20150317_000270	
QUEST_20150317_000271	
xQUEST_20150317_000272	
QUEST_20150317_000273	
QUEST_20150317_000274	
xQUEST_20150317_000275	
xQUEST_20150317_000276	
xQUEST_20150317_000277	
xQUEST_20150317_000278	
QUEST_20150317_000279	
QUEST_20150317_000280	
xQUEST_20150317_000281	
xQUEST_20150317_000282	
QUEST_20150317_000283	
QUEST_20150317_000284	
xQUEST_20150317_000285	
QUEST_20150317_000286	
xQUEST_20150317_000287	
xQUEST_20150317_000288	
QUEST_20150317_000289	
QUEST_20150317_000290	
xQUEST_20150317_000291	
xQUEST_20150317_000292	
QUEST_20150317_000293	
xQUEST_20150317_000294	
xQUEST_20150317_000295	
QUEST_20150317_000296	
xQUEST_20150317_000297	
QUEST_20150317_000298	
QUEST_20150317_000299	
QUEST_20150317_000300	
QUEST_20150317_000301	
QUEST_20150317_000302	
QUEST_20150317_000303	
QUEST_20150317_000304	
QUEST_20150317_000305	
QUEST_20150317_000306	
xQUEST_20150317_000307	
QUEST_20150317_000308	
xQUEST_20150317_000309	
xQUEST_20150317_000310	
QUEST_20150317_000311	
QUEST_20150317_000312	
xQUEST_20150317_000313	
QUEST_20150317_000314	
QUEST_20150317_000315	
QUEST_20150317_000316	
xQUEST_20150317_000317	
QUEST_20150317_000318	
QUEST_20150317_000319	
QUEST_20150317_000320	
QUEST_20150317_000321	
QUEST_20150317_000322	
QUEST_20150317_000323	
QUEST_20150317_000324	
QUEST_20150317_000325	
QUEST_20150317_000326	
QUEST_20150317_000327	
QUEST_20150317_000328	
xQUEST_20150317_000329	
QUEST_20150317_000330	
xQUEST_20150317_000331	
QUEST_20150317_000332	
QUEST_20150317_000333	
QUEST_20150317_000334	
QUEST_20150317_000335	
QUEST_20150317_000336	
QUEST_20150317_000337	
QUEST_20150317_000338	
QUEST_20150317_000339	
QUEST_20150317_000340	
QUEST_20150317_000341	
QUEST_20150317_000342	
xQUEST_20150317_000343	
QUEST_20150317_000344	
QUEST_20150317_000345	
QUEST_20150317_000346	
QUEST_20150317_000347	
QUEST_20150317_000348	
QUEST_20150317_000349	
xQUEST_20150317_000350	
xQUEST_20150317_000351	
xQUEST_20150317_000352	
QUEST_20150317_000353	
QUEST_20150317_000354	
QUEST_20150317_000355	
xQUEST_20150317_000356	
QUEST_20150317_000357	
QUEST_20150317_000358	
xQUEST_20150317_000359	
xQUEST_20150317_000360	
QUEST_20150317_000361	
QUEST_20150317_000362	
QUEST_20150317_000363	
QUEST_20150317_000364	
xQUEST_20150317_000365	
xQUEST_20150317_000366	
QUEST_20150317_000367	
QUEST_20150317_000368	
xQUEST_20150317_000369	
QUEST_20150317_000370	
QUEST_20150317_000371	
QUEST_20150317_000372	
QUEST_20150317_000373	
xQUEST_20150317_000374	
xQUEST_20150317_000375	
xQUEST_20150317_000376	
QUEST_20150317_000377	
xQUEST_20150317_000378	
xQUEST_20150317_000379	
QUEST_20150317_000380	
xQUEST_20150317_000381	
xQUEST_20150317_000382	
xQUEST_20150317_000383	
xQUEST_20150317_000384	
QUEST_20150317_000385	
QUEST_20150317_000386	
QUEST_20150317_000387	
QUEST_20150317_000388	
QUEST_20150317_000389	
QUEST_20150317_000390	
QUEST_20150317_000391	
QUEST_20150317_000392	
QUEST_20150317_000393	
QUEST_20150317_000394	
QUEST_20150317_000395	
QUEST_20150317_000396	
QUEST_20150317_000397	
QUEST_20150317_000398	
QUEST_20150317_000399	
QUEST_20150317_000400	
QUEST_20150317_000401	
QUEST_20150317_000402	
QUEST_20150317_000403	
QUEST_20150317_000404	
QUEST_20150317_000405	
xQUEST_20150317_000406	
QUEST_20150317_000407	
QUEST_20150317_000408	
QUEST_20150317_000409	
xQUEST_20150317_000410	
xQUEST_20150317_000411	
QUEST_20150317_000412	
QUEST_20150317_000413	
QUEST_20150317_000414	
xQUEST_20150317_000415	
xQUEST_20150317_000416	
QUEST_20150317_000417	
QUEST_20150317_000418	
xQUEST_20150317_000419	
QUEST_20150317_000420	
QUEST_20150317_000421	
QUEST_20150317_000422	
xQUEST_20150317_000423	
QUEST_20150317_000424	
QUEST_20150317_000425	
xQUEST_20150317_000426	
QUEST_20150317_000427	
xQUEST_20150317_000428	
QUEST_20150317_000429	
QUEST_20150317_000430	
QUEST_20150317_000431	
QUEST_20150317_000432	
QUEST_20150317_000433	
QUEST_20150317_000434	
QUEST_20150317_000435	
QUEST_20150317_000436	
QUEST_20150317_000437	
QUEST_20150317_000438	
xQUEST_20150317_000439	
QUEST_20150317_000440	
QUEST_20150317_000441	
QUEST_20150317_000442	
xQUEST_20150317_000443	
QUEST_20150317_000444	
QUEST_20150317_000445	
QUEST_20150317_000446	
xQUEST_20150317_000447	
xQUEST_20150317_000448	
QUEST_20150317_000449	
xQUEST_20150317_000450	
QUEST_20150317_000451	
QUEST_20150317_000452	
QUEST_20150317_000453	
QUEST_20150317_000454	
QUEST_20150317_000455	
QUEST_20150317_000456	
QUEST_20150317_000457	
xQUEST_20150317_000458	
QUEST_20150317_000459	
xQUEST_20150317_000460	
QUEST_20150317_000461	
QUEST_20150317_000462	
QUEST_20150317_000463	
QUEST_20150317_000464	
QUEST_20150317_000465	
QUEST_20150317_000466	
QUEST_20150317_000467	
xQUEST_20150317_000468	
QUEST_20150317_000469	
QUEST_20150317_000470	
QUEST_20150317_000471	
QUEST_20150317_000472	
QUEST_20150317_000473	
xQUEST_20150317_000474	
xQUEST_20150317_000475	
QUEST_20150317_000476	
QUEST_20150317_000477	
QUEST_20150317_000478	
QUEST_20150317_000479	
QUEST_20150317_000480	
QUEST_20150317_000481	
QUEST_20150317_000482	
QUEST_20150317_000483	
xQUEST_20150317_000484	
QUEST_20150317_000485	
xQUEST_20150317_000486	
QUEST_20150317_000487	
QUEST_20150317_000488	
QUEST_20150317_000489	
xQUEST_20150317_000490	
QUEST_20150317_000491	
QUEST_20150317_000492	
QUEST_20150317_000493	
xQUEST_20150317_000494	
QUEST_20150317_000495	
QUEST_20150317_000496	
xQUEST_20150317_000497	
QUEST_20150317_000498	
xQUEST_20150317_000499	
QUEST_20150317_000500	
xQUEST_20150317_000501	
xQUEST_20150317_000502	
QUEST_20150317_000503	
QUEST_20150317_000504	
QUEST_20150317_000505	
QUEST_20150317_000506	
QUEST_20150317_000507	
QUEST_20150317_000508	
xQUEST_20150317_000509	
QUEST_20150317_000510	
QUEST_20150317_000511	
xQUEST_20150317_000512	
xQUEST_20150317_000513	
xQUEST_20150317_000514	
xQUEST_20150317_000515	
QUEST_20150317_000516	
xQUEST_20150317_000517	
QUEST_20150317_000518	
QUEST_20150317_000519	
QUEST_20150317_000520	
xQUEST_20150317_000521	
QUEST_20150317_000522	
QUEST_20150317_000523	
QUEST_20150317_000524	
xQUEST_20150317_000525	
QUEST_20150317_000526	
QUEST_20150317_000527	
QUEST_20150317_000528	
QUEST_20150317_000529	
QUEST_20150317_000530	
QUEST_20150317_000531	
QUEST_20150317_000532	
QUEST_20150317_000533	
QUEST_20150317_000534	
QUEST_20150317_000535	
xQUEST_20150317_000536	
xQUEST_20150317_000537	
QUEST_20150317_000538	
xQUEST_20150317_000539	
QUEST_20150317_000540	
QUEST_20150317_000541	
xQUEST_20150317_000542	
xQUEST_20150317_000543	
xQUEST_20150317_000544	
xQUEST_20150317_000545	
QUEST_20150317_000546	
QUEST_20150317_000547	
QUEST_20150317_000548	
QUEST_20150317_000549	
QUEST_20150317_000550	
QUEST_20150317_000551	
QUEST_20150317_000552	
QUEST_20150317_000553	
QUEST_20150317_000554	
QUEST_20150317_000555	
QUEST_20150317_000556	
ixQUEST_20150317_000557	
xQUEST_20150317_000558	
QUEST_20150317_000559	
QUEST_20150317_000560	
QUEST_20150317_000561	
xQUEST_20150317_000562	
QUEST_20150317_000563	
QUEST_20150317_000564	
QUEST_20150317_000565	
QUEST_20150317_000566	
QUEST_20150317_000567	
QUEST_20150317_000568	
xQUEST_20150317_000569	
xQUEST_20150317_000570	
QUEST_20150317_000571	
QUEST_20150317_000572	
QUEST_20150317_000573	
QUEST_20150317_000574	
QUEST_20150317_000575	
xQUEST_20150317_000576	
xQUEST_20150317_000577	
QUEST_20150317_000578	
QUEST_20150317_000579	
QUEST_20150317_000580	
QUEST_20150317_000581	
QUEST_20150317_000582	
QUEST_20150317_000583	
xQUEST_20150317_000584	
xQUEST_20150317_000585	
QUEST_20150317_000586	
QUEST_20150317_000587	
QUEST_20150317_000588	
xQUEST_20150317_000589	
QUEST_20150317_000590	
QUEST_20150317_000591	
xQUEST_20150317_000592	
QUEST_20150317_000593	
xQUEST_20150317_000594	
xQUEST_20150317_000595	
QUEST_20150317_000596	
xQUEST_20150317_000597	
QUEST_20150317_000598	
QUEST_20150317_000599	
xQUEST_20150317_000600	
QUEST_20150317_000601	
QUEST_20150317_000602	
QUEST_20150317_000603	
QUEST_20150317_000604	
QUEST_20150317_000605	
QUEST_20150317_000606	
xQUEST_20150317_000607	
QUEST_20150317_000608	
xQUEST_20150317_000609	
xQUEST_20150317_000610	
QUEST_20150317_000611	
xQUEST_20150317_000612	
xQUEST_20150317_000613	
xQUEST_20150317_000614	
xQUEST_20150317_000615	
xQUEST_20150317_000616	
QUEST_20150317_000617	
xQUEST_20150317_000618	
xQUEST_20150317_000619	
QUEST_20150317_000620	
xQUEST_20150317_000621	
xQUEST_20150317_000622	
QUEST_20150317_000623	
QUEST_20150317_000624	
xQUEST_20150317_000625	
QUEST_20150317_000626	
xQUEST_20150317_000627	
xQUEST_20150317_000628	
xQUEST_20150317_000629	
xQUEST_20150317_000630	
xQUEST_20150317_000631	
QUEST_20150317_000632	
xQUEST_20150317_000633	
QUEST_20150317_000634	
xQUEST_20150317_000635	
xQUEST_20150317_000636	
xQUEST_20150317_000637	
xQUEST_20150317_000638	
xQUEST_20150317_000639	
xQUEST_20150317_000640	
xQUEST_20150317_000641	
xQUEST_20150317_000642	
xQUEST_20150317_000643	
xQUEST_20150317_000644	
xQUEST_20150317_000645	
xQUEST_20150317_000646	
xQUEST_20150317_000647	
xQUEST_20150317_000648	
xQUEST_20150317_000649	
xQUEST_20150317_000650	
xQUEST_20150317_000651	
xQUEST_20150317_000652	
xQUEST_20150317_000653	
xQUEST_20150317_000654	
xQUEST_20150317_000655	
xQUEST_20150317_000656	
xQUEST_20150317_000657	
xQUEST_20150317_000658	
xQUEST_20150317_000659	
xQUEST_20150317_000660	
xQUEST_20150317_000661	
xQUEST_20150317_000662	
xQUEST_20150317_000663	
xQUEST_20150317_000664	
xQUEST_20150317_000665	
xQUEST_20150317_000666	
xQUEST_20150317_000667	
xQUEST_20150317_000668	
xQUEST_20150317_000669	
xQUEST_20150317_000670	
xQUEST_20150317_000671	
xQUEST_20150317_000672	
xQUEST_20150317_000673	
xQUEST_20150317_000674	
xQUEST_20150317_000675	
xQUEST_20150317_000676	
xQUEST_20150317_000677	
xQUEST_20150317_000678	
xQUEST_20150317_000679	
xQUEST_20150317_000680	
xQUEST_20150317_000681	
xQUEST_20150317_000682	
xQUEST_20150317_000683	
xQUEST_20150317_000684	
xQUEST_20150317_000685	
xQUEST_20150317_000686	
xQUEST_20150317_000687	
xQUEST_20150317_000688	
xQUEST_20150317_000689	
xQUEST_20150317_000690	
xQUEST_20150317_000691	
xQUEST_20150317_000692	
xQUEST_20150317_000693	
xQUEST_20150317_000694	
xQUEST_20150317_000695	
xQUEST_20150317_000696	
xQUEST_20150317_000697	
xQUEST_20150317_000698	
xQUEST_20150317_000699	
QUEST_20150317_000700	
xQUEST_20150317_000701	
xQUEST_20150317_000702	
xQUEST_20150317_000703	
xQUEST_20150317_000704	
xQUEST_20150317_000705	
xQUEST_20150317_000706	
xQUEST_20150317_000707	
xQUEST_20150317_000708	
xQUEST_20150317_000709	
xQUEST_20150317_000710	
QUEST_20150317_000711	
xQUEST_20150317_000712	
xQUEST_20150317_000713	
xQUEST_20150317_000714	
xQUEST_20150317_000715	
xQUEST_20150317_000716	
xQUEST_20150317_000717	
xQUEST_20150317_000718	
xQUEST_20150317_000719	
xQUEST_20150317_000720	
xQUEST_20150317_000721	
xQUEST_20150317_000722	
xQUEST_20150317_000723	
xQUEST_20150317_000724	
xQUEST_20150317_000725	
xQUEST_20150317_000726	
xQUEST_20150317_000727	
xQUEST_20150317_000728	
xQUEST_20150317_000729	
xQUEST_20150317_000730	
xQUEST_20150317_000731	
xQUEST_20150317_000732	
xQUEST_20150317_000733	
xQUEST_20150317_000734	
xQUEST_20150317_000735	
xQUEST_20150317_000736	
xQUEST_20150317_000737	
xQUEST_20150317_000738	
xQUEST_20150317_000739	
xQUEST_20150317_000740	
xQUEST_20150317_000741	
xQUEST_20150317_000742	
xQUEST_20150317_000743	
xQUEST_20150317_000744	
xQUEST_20150317_000745	
xQUEST_20150317_000746	
xQUEST_20150317_000747	
xQUEST_20150317_000748	
xQUEST_20150317_000749	
xQUEST_20150317_000750	
xQUEST_20150317_000751	
QUEST_20150317_000752	
QUEST_20150317_000753	
QUEST_20150317_000754	
xQUEST_20150317_000755	
xQUEST_20150317_000756	
QUEST_20150317_000757	
xQUEST_20150317_000758	
xQUEST_20150317_000759	
xQUEST_20150317_000760	
xQUEST_20150317_000761	
xQUEST_20150317_000762	
QUEST_20150317_000763	
QUEST_20150317_000764	
xQUEST_20150317_000765	
QUEST_20150317_000766	
QUEST_20150317_000767	
QUEST_20150317_000768	
QUEST_20150317_000769	
QUEST_20150317_000770	
QUEST_20150317_000771	
QUEST_20150317_000772	
QUEST_20150317_000773	
QUEST_20150317_000774	
xQUEST_20150317_000775	
QUEST_20150317_000776	
xQUEST_20150317_000777	
QUEST_20150317_000778	
QUEST_20150317_000779	
QUEST_20150317_000780	
QUEST_20150317_000781	
QUEST_20150317_000782	
QUEST_20150317_000783	
QUEST_20150317_000784	
xQUEST_20150317_000785	
QUEST_20150317_000786	
QUEST_20150317_000787	
QUEST_20150317_000788	
QUEST_20150317_000789	
QUEST_20150317_000790	
QUEST_20150317_000791	
QUEST_20150317_000792	
xQUEST_20150317_000793	
xQUEST_20150317_000794	
QUEST_20150317_000795	
xQUEST_20150317_000796	
QUEST_20150317_000797	
xQUEST_20150317_000798	
xQUEST_20150317_000799	
xQUEST_20150317_000800	
QUEST_20150317_000801	
QUEST_20150317_000802	
xQUEST_20150317_000803	
xQUEST_20150317_000804	
QUEST_20150317_000805	
QUEST_20150317_000806	
xQUEST_20150317_000807	
QUEST_20150317_000808	
QUEST_20150317_000809	
ixQUEST_20150317_000810	
xQUEST_20150317_000811	
xQUEST_20150317_000812	
QUEST_20150317_000813	
QUEST_20150317_000814	
QUEST_20150317_000815	
xQUEST_20150317_000816	
QUEST_20150317_000817	
QUEST_20150317_000818	
QUEST_20150317_000819	
QUEST_20150317_000820	
QUEST_20150317_000821	
QUEST_20150317_000822	
xQUEST_20150317_000823	
xQUEST_20150317_000824	
QUEST_20150317_000825	
QUEST_20150317_000826	
xQUEST_20150317_000827	
xQUEST_20150317_000828	
QUEST_20150317_000829	
QUEST_20150317_000830	
QUEST_20150317_000831	
xQUEST_20150317_000832	
xQUEST_20150317_000833	
QUEST_20150317_000834	
xQUEST_20150317_000835	
QUEST_20150317_000836	
QUEST_20150317_000837	
QUEST_20150317_000838	
QUEST_20150317_000839	
QUEST_20150317_000840	
xQUEST_20150317_000841	
ixQUEST_20150317_000842	
xQUEST_20150317_000843	
QUEST_20150317_000844	
QUEST_20150317_000845	
QUEST_20150317_000846	
xQUEST_20150317_000847	
QUEST_20150317_000848	
QUEST_20150317_000849	
QUEST_20150317_000850	
QUEST_20150317_000851	
xQUEST_20150317_000852	
xQUEST_20150317_000853	
QUEST_20150317_000854	
xQUEST_20150317_000855	
xQUEST_20150317_000856	
QUEST_20150317_000857	
QUEST_20150317_000858	
xQUEST_20150317_000859	
xQUEST_20150317_000860	
xQUEST_20150317_000861	
xQUEST_20150317_000862	
xQUEST_20150317_000863	
QUEST_20150317_000864	
QUEST_20150317_000865	
xQUEST_20150317_000866	
xQUEST_20150317_000867	
xQUEST_20150317_000868	
QUEST_20150317_000869	
QUEST_20150317_000870	
QUEST_20150317_000871	
QUEST_20150317_000872	
xQUEST_20150317_000873	
QUEST_20150317_000874	
xQUEST_20150317_000875	
QUEST_20150317_000876	
QUEST_20150317_000877	
QUEST_20150317_000878	
QUEST_20150317_000879	
QUEST_20150317_000880	
QUEST_20150317_000881	
xQUEST_20150317_000882	
xQUEST_20150317_000883	
xQUEST_20150317_000884	
QUEST_20150317_000885	
QUEST_20150317_000886	
xQUEST_20150317_000887	
xQUEST_20150317_000888	
QUEST_20150317_000889	
QUEST_20150317_000890	
xQUEST_20150317_000891	
xQUEST_20150317_000892	
xQUEST_20150317_000893	
xQUEST_20150317_000894	
xQUEST_20150317_000895	
xQUEST_20150317_000896	
xQUEST_20150317_000897	
xQUEST_20150317_000898	
xQUEST_20150317_000899	
xQUEST_20150317_000900	
QUEST_20150317_000901	
xQUEST_20150317_000902	
QUEST_20150317_000903	
QUEST_20150317_000904	
xQUEST_20150317_000905	
QUEST_20150317_000906	
QUEST_20150317_000907	
QUEST_20150317_000908	
QUEST_20150317_000909	
xQUEST_20150317_000910	
QUEST_20150317_000911	
QUEST_20150317_000912	
QUEST_20150317_000913	
QUEST_20150317_000914	
QUEST_20150317_000915	
QUEST_20150317_000916	
xQUEST_20150317_000917	
xQUEST_20150317_000918	
xQUEST_20150317_000919	
QUEST_20150317_000920	
QUEST_20150317_000921	
QUEST_20150317_000922	
xQUEST_20150317_000923	
xQUEST_20150317_000924	
xQUEST_20150317_000925	
xQUEST_20150317_000926	
xQUEST_20150317_000927	
QUEST_20150317_000928	
QUEST_20150317_000929	
QUEST_20150317_000930	
QUEST_20150317_000931	
xQUEST_20150317_000932	
xQUEST_20150317_000933	
QUEST_20150317_000934	
QUEST_20150317_000935	
QUEST_20150317_000936	
QUEST_20150317_000937	
QUEST_20150317_000938	
xQUEST_20150317_000939	
QUEST_20150317_000940	
xQUEST_20150317_000941	
QUEST_20150317_000942	
xQUEST_20150317_000943	
QUEST_20150317_000944	
xQUEST_20150317_000945	
xQUEST_20150317_000946	
xQUEST_20150317_000947	
xQUEST_20150317_000948	
QUEST_20150317_000949	
QUEST_20150317_000950	
QUEST_20150317_000951	
xQUEST_20150317_000952	
xQUEST_20150317_000953	
xQUEST_20150317_000954	
QUEST_20150317_000955	
xQUEST_20150317_000956	
xQUEST_20150317_000957	
xQUEST_20150317_000958	
QUEST_20150317_000959	
xQUEST_20150317_000960	
xQUEST_20150317_000961	
QUEST_20150317_000962	
xQUEST_20150317_000963	
QUEST_20150317_000964	
xQUEST_20150317_000965	
QUEST_20150317_000966	
QUEST_20150317_000967	
QUEST_20150317_000968	
QUEST_20150317_000969	
xQUEST_20150317_000970	
QUEST_20150317_000971	
QUEST_20150317_000972	
xQUEST_20150317_000973	
QUEST_20150317_000974	
xQUEST_20150317_000975	
xQUEST_20150317_000976	
xQUEST_20150317_000977	
xQUEST_20150317_000978	
QUEST_20150317_000979	
xQUEST_20150317_000980	
xQUEST_20150317_000981	
QUEST_20150317_000982	
xQUEST_20150317_000983	
xQUEST_20150317_000984	
xQUEST_20150317_000985	
QUEST_20150317_000986	
QUEST_20150317_000987	
xQUEST_20150317_000988	
xQUEST_20150317_000989	
xQUEST_20150317_000990	
xQUEST_20150317_000991	
xQUEST_20150317_000992	
xQUEST_20150317_000993	
xQUEST_20150317_000994	
xQUEST_20150317_000995	
xQUEST_20150317_000996	
xQUEST_20150317_000997	
xQUEST_20150317_000998	
xQUEST_20150317_000999	
xQUEST_20150317_001000	
xQUEST_20150317_001001	
xQUEST_20150317_001002	
QUEST_20150317_001003	
QUEST_20150317_001004	
QUEST_20150317_001005	
QUEST_20150317_001006	
QUEST_20150317_001007	
QUEST_20150317_001008	
QUEST_20150317_001009	
QUEST_20150317_001010	
QUEST_20150317_001011	
QUEST_20150317_001012	
QUEST_20150317_001013	
QUEST_20150317_001014	
QUEST_20150317_001015	
QUEST_20150317_001016	
QUEST_20150317_001017	
QUEST_20150317_001018	
QUEST_20150317_001019	
QUEST_20150317_001020	
QUEST_20150317_001021	
QUEST_20150317_001022	
QUEST_20150317_001023	
QUEST_20150317_001024	
QUEST_20150317_001025	
QUEST_20150317_001026	
QUEST_20150317_001027	
QUEST_20150317_001028	
QUEST_20150317_001029	
QUEST_20150317_001030	
QUEST_20150317_001031	
QUEST_20150317_001032	
QUEST_20150317_001033	
QUEST_20150317_001034	
QUEST_20150317_001035	
QUEST_20150317_001036	
QUEST_20150317_001037	
QUEST_20150317_001038	
QUEST_20150317_001039	
QUEST_20150317_001040	
QUEST_20150317_001041	
QUEST_20150317_001042	
QUEST_20150317_001043	
QUEST_20150317_001044	
QUEST_20150317_001045	
QUEST_20150317_001046	
QUEST_20150317_001047	
QUEST_20150317_001048	
QUEST_20150317_001049	
QUEST_20150317_001050	
QUEST_20150317_001051	
QUEST_20150317_001052	
QUEST_20150317_001053	
QUEST_20150317_001054	
QUEST_20150317_001055	
QUEST_20150317_001056	
QUEST_20150317_001057	
QUEST_20150317_001058	
QUEST_20150317_001059	
QUEST_20150317_001060	
QUEST_20150317_001061	
QUEST_20150317_001062	
QUEST_20150317_001063	
QUEST_20150317_001064	
QUEST_20150317_001065	
QUEST_20150317_001066	
QUEST_20150317_001067	
QUEST_20150317_001068	
QUEST_20150317_001069	
QUEST_20150317_001070	
QUEST_20150317_001071	
QUEST_20150317_001072	
QUEST_20150317_001073	
QUEST_20150317_001074	
QUEST_20150317_001075	
QUEST_20150317_001076	
QUEST_20150317_001077	
QUEST_20150317_001078	
QUEST_20150317_001079	
QUEST_20150317_001080	
QUEST_20150317_001081	
QUEST_20150317_001082	
QUEST_20150317_001083	
QUEST_20150317_001084	
QUEST_20150317_001085	
QUEST_20150317_001086	
QUEST_20150317_001087	
QUEST_20150317_001088	
QUEST_20150317_001089	
QUEST_20150317_001090	
QUEST_20150317_001091	
QUEST_20150317_001092	
QUEST_20150317_001093	
QUEST_20150317_001094	
QUEST_20150317_001095	
QUEST_20150317_001096	
QUEST_20150317_001097	
QUEST_20150317_001098	
QUEST_20150317_001099	
QUEST_20150317_001100	
QUEST_20150317_001101	
QUEST_20150317_001102	
QUEST_20150317_001103	
QUEST_20150317_001104	
QUEST_20150317_001105	
QUEST_20150317_001106	
QUEST_20150317_001107	
QUEST_20150317_001108	
QUEST_20150317_001109	
QUEST_20150317_001110	
QUEST_20150317_001111	
QUEST_20150317_001112	
QUEST_20150317_001113	
QUEST_20150317_001114	
QUEST_20150317_001115	
QUEST_20150317_001116	
QUEST_20150317_001117	
QUEST_20150317_001118	
QUEST_20150317_001119	
QUEST_20150317_001120	
QUEST_20150317_001121	
QUEST_20150317_001122	
QUEST_20150317_001123	
QUEST_20150317_001124	
QUEST_20150317_001125	
QUEST_20150317_001126	
QUEST_20150317_001127	
QUEST_20150317_001128	
QUEST_20150317_001129	
QUEST_20150317_001130	
QUEST_20150317_001131	
QUEST_20150317_001132	
QUEST_20150317_001133	
QUEST_20150317_001134	
QUEST_20150317_001135	
QUEST_20150317_001136	
QUEST_20150317_001137	
QUEST_20150317_001138	
xQUEST_20150317_001139	
xQUEST_20150317_001140	
xQUEST_20150317_001141	
xQUEST_20150317_001142	
xQUEST_20150317_001143	
xQUEST_20150317_001144	
xQUEST_20150317_001145	
xQUEST_20150317_001146	
xQUEST_20150317_001147	
xQUEST_20150317_001148	
xQUEST_20150317_001149	
xQUEST_20150317_001150	
xQUEST_20150317_001151	
xQUEST_20150317_001152	
xQUEST_20150317_001153	
xQUEST_20150317_001154	
xQUEST_20150317_001155	
xQUEST_20150317_001156	
xQUEST_20150317_001157	
QUEST_20150317_001158	
QUEST_20150317_001159	
QUEST_20150317_001160	
QUEST_20150317_001161	
QUEST_20150317_001162	
QUEST_20150317_001163	
QUEST_20150317_001164	
QUEST_20150317_001165	
QUEST_20150317_001166	
QUEST_20150317_001167	
QUEST_20150317_001168	
QUEST_20150317_001169	
QUEST_20150317_001170	
QUEST_20150317_001171	
QUEST_20150317_001172	
QUEST_20150317_001173	
QUEST_20150317_001174	
QUEST_20150317_001175	
QUEST_20150317_001176	
QUEST_20150317_001177	
QUEST_20150317_001178	
QUEST_20150317_001179	
QUEST_20150317_001180	
QUEST_20150317_001181	
QUEST_20150317_001182	
QUEST_20150317_001183	
QUEST_20150317_001184	
QUEST_20150317_001185	
QUEST_20150317_001186	
QUEST_20150317_001187	
QUEST_20150317_001188	
QUEST_20150317_001189	
QUEST_20150317_001190	
QUEST_20150317_001191	
QUEST_20150317_001192	
QUEST_20150317_001193	
QUEST_20150317_001194	
QUEST_20150317_001195	
QUEST_20150317_001196	
QUEST_20150317_001197	
QUEST_20150317_001198	
QUEST_20150317_001199	
QUEST_20150317_001200	
QUEST_20150317_001201	
QUEST_20150317_001202	
QUEST_20150317_001203	
QUEST_20150317_001204	
QUEST_20150317_001205	
QUEST_20150317_001206	
QUEST_20150317_001207	
QUEST_20150317_001208	
QUEST_20150317_001209	
QUEST_20150317_001210	
QUEST_20150317_001211	
QUEST_20150317_001212	
QUEST_20150317_001213	
QUEST_20150317_001214	
QUEST_20150317_001215	
QUEST_20150317_001216	
QUEST_20150317_001217	
QUEST_20150317_001218	
QUEST_20150317_001219	
QUEST_20150317_001220	
QUEST_20150317_001221	
QUEST_20150317_001222	
QUEST_20150317_001223	
QUEST_20150317_001224	
QUEST_20150317_001225	
QUEST_20150317_001226	
QUEST_20150317_001227	
QUEST_20150317_001228	
QUEST_20150317_001229	
QUEST_20150317_001230	
QUEST_20150317_001231	
QUEST_20150317_001232	
QUEST_20150317_001233	
QUEST_20150317_001234	
QUEST_20150317_001235	
QUEST_20150317_001236	
QUEST_20150317_001237	
QUEST_20150317_001238	
QUEST_20150317_001239	
QUEST_20150317_001240	
QUEST_20150317_001241	
QUEST_20150317_001242	
QUEST_20150317_001243	
QUEST_20150317_001244	
QUEST_20150317_001245	
QUEST_20150317_001246	
QUEST_20150317_001247	
QUEST_20150317_001248	
QUEST_20150317_001249	
QUEST_20150317_001250	
QUEST_20150317_001251	
QUEST_20150317_001252	
QUEST_20150317_001253	
QUEST_20150317_001254	
QUEST_20150317_001255	
QUEST_20150317_001256	
QUEST_20150317_001257	
QUEST_20150317_001258	
QUEST_20150317_001259	
QUEST_20150317_001260	
QUEST_20150317_001261	
QUEST_20150317_001262	
QUEST_20150317_001263	
QUEST_20150317_001264	
QUEST_20150317_001265	
QUEST_20150317_001266	
QUEST_20150317_001267	
QUEST_20150317_001268	
QUEST_20150317_001269	
QUEST_20150317_001270	
QUEST_20150317_001271	
QUEST_20150317_001272	
QUEST_20150317_001273	
QUEST_20150317_001274	
QUEST_20150317_001275	
QUEST_20150317_001276	
QUEST_20150317_001277	
QUEST_20150317_001278	
QUEST_20150317_001279	
QUEST_20150317_001280	
QUEST_20150317_001281	
QUEST_20150317_001282	
QUEST_20150317_001283	
QUEST_20150317_001284	
QUEST_20150317_001285	
QUEST_20150317_001286	
QUEST_20150317_001287	
QUEST_20150317_001288	
QUEST_20150317_001289	
QUEST_20150317_001290	
QUEST_20150317_001291	
QUEST_20150317_001292	
QUEST_20150317_001293	
QUEST_20150317_001294	
QUEST_20150317_001295	
QUEST_20150317_001296	
QUEST_20150317_001297	
QUEST_20150317_001298	
QUEST_20150317_001299	
QUEST_20150317_001300	
QUEST_20150317_001301	
QUEST_20150317_001302	
QUEST_20150317_001303	
QUEST_20150317_001304	
QUEST_20150317_001305	
QUEST_20150317_001306	
QUEST_20150317_001307	
QUEST_20150317_001308	
QUEST_20150317_001309	
QUEST_20150317_001310	
QUEST_20150317_001311	
QUEST_20150317_001312	
QUEST_20150317_001313	
QUEST_20150317_001314	
QUEST_20150317_001315	
QUEST_20150317_001316	
QUEST_20150317_001317	
QUEST_20150317_001318	
QUEST_20150317_001319	
QUEST_20150317_001320	
QUEST_20150317_001321	
QUEST_20150317_001322	
QUEST_20150317_001323	
QUEST_20150317_001324	
QUEST_20150317_001325	
QUEST_20150317_001326	
QUEST_20150317_001327	
QUEST_20150317_001328	
QUEST_20150317_001329	
QUEST_20150317_001330	
QUEST_20150317_001331	
QUEST_20150317_001332	
QUEST_20150317_001333	
QUEST_20150317_001334	
QUEST_20150317_001335	
QUEST_20150317_001336	
QUEST_20150317_001337	
QUEST_20150317_001338	
QUEST_20150317_001339	
QUEST_20150317_001340	
QUEST_20150317_001341	
QUEST_20150317_001342	
QUEST_20150317_001343	
QUEST_20150317_001344	
QUEST_20150317_001345	
QUEST_20150317_001346	
QUEST_20150317_001347	
QUEST_20150317_001348	
QUEST_20150317_001349	
QUEST_20150317_001350	
QUEST_20150317_001351	
QUEST_20150317_001352	
QUEST_20150317_001353	
QUEST_20150317_001354	
QUEST_20150317_001355	
QUEST_20150317_001356	
QUEST_20150317_001357	
QUEST_20150317_001358	
QUEST_20150317_001359	
QUEST_20150317_001360	
QUEST_20150317_001361	
QUEST_20150317_001362	
QUEST_20150317_001363	
QUEST_20150317_001364	
QUEST_20150317_001365	
QUEST_20150317_001366	
QUEST_20150317_001367	
QUEST_20150317_001368	
QUEST_20150317_001369	
QUEST_20150317_001370	
QUEST_20150317_001371	
QUEST_20150317_001372	
QUEST_20150317_001373	
QUEST_20150317_001374	
QUEST_20150317_001375	
QUEST_20150317_001376	
QUEST_20150317_001377	
QUEST_20150317_001378	
QUEST_20150317_001379	
QUEST_20150317_001380	
QUEST_20150317_001381	
QUEST_20150317_001382	
QUEST_20150317_001383	
QUEST_20150317_001384	
QUEST_20150317_001385	
QUEST_20150317_001386	
QUEST_20150317_001387	
QUEST_20150317_001388	
QUEST_20150317_001389	
QUEST_20150317_001390	
QUEST_20150317_001391	
QUEST_20150317_001392	
QUEST_20150317_001393	
QUEST_20150317_001394	
QUEST_20150317_001395	
QUEST_20150317_001396	
QUEST_20150317_001397	
QUEST_20150317_001398	
QUEST_20150317_001399	
QUEST_20150317_001400	
QUEST_20150317_001401	
QUEST_20150317_001402	
QUEST_20150317_001403	
QUEST_20150317_001404	
QUEST_20150317_001405	
QUEST_20150317_001406	
QUEST_20150317_001407	
QUEST_20150317_001408	
QUEST_20150317_001409	
QUEST_20150317_001410	
QUEST_20150317_001411	
QUEST_20150317_001412	
QUEST_20150317_001413	
QUEST_20150317_001414	
QUEST_20150317_001415	
QUEST_20150317_001416	
QUEST_20150317_001417	
QUEST_20150317_001418	
QUEST_20150317_001419	
QUEST_20150317_001420	
QUEST_20150317_001421	
QUEST_20150317_001422	
QUEST_20150317_001423	
QUEST_20150323_001424	
QUEST_20150323_001425	
QUEST_20150323_001426	
QUEST_20150323_001427	
QUEST_20150323_001428	
QUEST_20150323_001429	
QUEST_20150323_001430	
QUEST_20150323_001431	
QUEST_20150323_001432	
QUEST_20150323_001433	
QUEST_20150323_001434	
QUEST_20150323_001435	
QUEST_20150323_001436	
QUEST_20150323_001437	
QUEST_20150323_001438	
QUEST_20150323_001439	
QUEST_20150323_001440	
QUEST_20150323_001441	
QUEST_20150323_001442	
QUEST_20150323_001443	
QUEST_20150323_001444	
QUEST_20150323_001445	
QUEST_20150323_001446	
QUEST_20150323_001447	
QUEST_20150323_001448	
QUEST_20150323_001449	
QUEST_20150323_001450	
QUEST_20150323_001451	
QUEST_20150323_001452	
QUEST_20150323_001453	
QUEST_20150323_001454	
QUEST_20150323_001455	
QUEST_20150323_001456	
QUEST_20150323_001457	
QUEST_20150323_001458	
QUEST_20150323_001459	
QUEST_20150323_001460	
QUEST_20150323_001461	
QUEST_20150323_001462	
QUEST_20150323_001463	
QUEST_20150323_001464	
QUEST_20150323_001465	
QUEST_20150323_001466	
QUEST_20150323_001467	
QUEST_20150323_001468	
QUEST_20150323_001469	
QUEST_20150323_001470	
QUEST_20150323_001471	
QUEST_20150323_001472	
QUEST_20150323_001473	
QUEST_20150323_001474	
QUEST_20150323_001475	
QUEST_20150323_001476	
QUEST_20150323_001477	
QUEST_20150323_001478	
QUEST_20150323_001479	
QUEST_20150323_001480	
QUEST_20150323_001481	
QUEST_20150323_001482	
QUEST_20150323_001483	
QUEST_20150323_001484	
QUEST_20150323_001485	
QUEST_20150323_001486	
QUEST_20150323_001487	
QUEST_20150323_001488	
QUEST_20150323_001489	
QUEST_20150323_001490	
QUEST_20150323_001491	
QUEST_20150323_001492	
QUEST_20150323_001493	
QUEST_20150323_001494	
QUEST_20150323_001495	
QUEST_20150323_001496	
QUEST_20150323_001497	
xQUEST_20150323_001498	
QUEST_20150323_001499	
QUEST_20150323_001500	
QUEST_20150323_001501	
QUEST_20150323_001502	
QUEST_20150323_001503	
QUEST_20150323_001504	
QUEST_20150323_001505	
QUEST_20150323_001506	
QUEST_20150323_001507	
QUEST_20150323_001508	
QUEST_20150323_001509	
QUEST_20150323_001510	
QUEST_20150323_001511	
QUEST_20150323_001512	
QUEST_20150323_001513	
xQUEST_20150323_001514	
QUEST_20150323_001515	
QUEST_20150323_001516	
QUEST_20150323_001517	
QUEST_20150323_001518	
QUEST_20150323_001519	
QUEST_20150323_001520	
QUEST_20150323_001521	
QUEST_20150323_001522	
QUEST_20150323_001523	
QUEST_20150323_001524	
QUEST_20150323_001525	
QUEST_20150323_001526	
QUEST_20150323_001527	
QUEST_20150323_001528	
QUEST_20150323_001529	
QUEST_20150323_001530	
QUEST_20150323_001531	
QUEST_20150323_001532	
QUEST_20150323_001533	
QUEST_20150323_001534	
QUEST_20150323_001535	
QUEST_20150323_001536	
QUEST_20150323_001537	
QUEST_20150323_001538	
QUEST_20150323_001539	
QUEST_20150323_001540	
QUEST_20150323_001541	
QUEST_20150323_001542	
QUEST_20150323_001543	
QUEST_20150323_001544	
QUEST_20150323_001545	
QUEST_20150323_001546	
QUEST_20150323_001547	
QUEST_20150323_001548	
QUEST_20150323_001549	
QUEST_20150323_001550	
QUEST_20150323_001551	
QUEST_20150323_001552	
QUEST_20150323_001553	
QUEST_20150323_001554	
QUEST_20150323_001555	
QUEST_20150323_001556	
QUEST_20150323_001557	
QUEST_20150323_001558	
QUEST_20150323_001559	
QUEST_20150323_001560	
QUEST_20150323_001561	
QUEST_20150323_001562	
QUEST_20150323_001563	
QUEST_20150323_001564	
QUEST_20150323_001565	
QUEST_20150323_001566	
QUEST_20150323_001567	
QUEST_20150323_001568	
QUEST_20150323_001569	
QUEST_20150323_001570	
QUEST_20150323_001571	
QUEST_20150323_001572	
QUEST_20150323_001573	
QUEST_20150323_001574	
QUEST_20150323_001575	
QUEST_20150323_001576	
QUEST_20150323_001577	
QUEST_20150323_001578	
QUEST_20150323_001579	
QUEST_20150323_001580	
QUEST_20150323_001581	
QUEST_20150323_001582	
QUEST_20150323_001583	
QUEST_20150323_001584	
QUEST_20150323_001585	
QUEST_20150323_001586	
QUEST_20150323_001587	
QUEST_20150323_001588	
QUEST_20150323_001589	
QUEST_20150323_001590	
QUEST_20150323_001591	
QUEST_20150323_001592	
QUEST_20150323_001593	
QUEST_20150323_001594	
QUEST_20150323_001595	
QUEST_20150323_001596	
QUEST_20150323_001597	
QUEST_20150323_001598	
QUEST_20150323_001599	
QUEST_20150323_001600	
QUEST_20150323_001601	
QUEST_20150323_001602	
QUEST_20150323_001603	
QUEST_20150323_001604	
QUEST_20150323_001605	
QUEST_20150323_001606	
QUEST_20150323_001607	
QUEST_20150323_001608	
QUEST_20150323_001609	
QUEST_20150323_001610	
QUEST_20150323_001611	
QUEST_20150323_001612	
QUEST_20150323_001613	
QUEST_20150323_001614	
QUEST_20150323_001615	
QUEST_20150323_001616	
QUEST_20150323_001617	
QUEST_20150323_001618	
QUEST_20150323_001619	
QUEST_20150323_001620	
QUEST_20150323_001621	
QUEST_20150323_001622	
QUEST_20150323_001623	
QUEST_20150323_001624	
QUEST_20150323_001625	
QUEST_20150323_001626	
QUEST_20150323_001627	
QUEST_20150323_001628	
QUEST_20150323_001629	
QUEST_20150323_001630	
QUEST_20150323_001631	
QUEST_20150323_001632	
QUEST_20150323_001633	
QUEST_20150323_001634	
QUEST_20150323_001635	
QUEST_20150323_001636	
QUEST_20150323_001637	
QUEST_20150323_001638	
QUEST_20150323_001639	
QUEST_20150323_001640	
QUEST_20150323_001641	
QUEST_20150323_001642	
QUEST_20150323_001643	
QUEST_20150323_001644	
QUEST_20150323_001645	
QUEST_20150323_001646	
QUEST_20150323_001647	
QUEST_20150323_001648	
QUEST_20150323_001649	
QUEST_20150323_001650	
QUEST_20150323_001651	
QUEST_20150323_001652	
QUEST_20150323_001653	
QUEST_20150323_001654	
QUEST_20150323_001655	
QUEST_20150323_001656	
QUEST_20150323_001657	
QUEST_20150323_001658	
QUEST_20150323_001659	
QUEST_20150323_001660	
QUEST_20150323_001661	
QUEST_20150323_001662	
QUEST_20150323_001663	
QUEST_20150323_001664	
QUEST_20150323_001665	
QUEST_20150323_001666	
QUEST_20150323_001667	
QUEST_20150323_001668	
QUEST_20150323_001669	
QUEST_20150323_001670	
QUEST_20150323_001671	
QUEST_20150323_001672	
QUEST_20150323_001673	
QUEST_20150323_001674	
QUEST_20150323_001675	
QUEST_20150323_001676	
QUEST_20150323_001677	
QUEST_20150323_001678	
QUEST_20150323_001679	
QUEST_20150323_001680	
QUEST_20150323_001681	
QUEST_20150323_001682	
QUEST_20150323_001683	
QUEST_20150323_001684	
QUEST_20150323_001685	
QUEST_20150323_001686	
QUEST_20150323_001687	
QUEST_20150323_001688	
QUEST_20150323_001689	
QUEST_20150323_001690	
QUEST_20150323_001691	
QUEST_20150323_001692	
QUEST_20150323_001693	
QUEST_20150323_001694	
QUEST_20150323_001695	
QUEST_20150323_001696	
QUEST_20150323_001697	
QUEST_20150323_001698	
QUEST_20150323_001699	
QUEST_20150323_001700	
QUEST_20150323_001701	
QUEST_20150323_001702	
QUEST_20150323_001703	
QUEST_20150323_001704	
QUEST_20150323_001705	
QUEST_20150323_001706	
QUEST_20150323_001707	
QUEST_20150323_001708	
QUEST_20150323_001709	
QUEST_20150323_001710	
QUEST_20150323_001711	
QUEST_20150323_001712	
QUEST_20150323_001713	
QUEST_20150323_001714	
QUEST_20150323_001715	
QUEST_20150323_001716	
QUEST_20150401_001717	
QUEST_20150401_001718	
QUEST_20150401_001719	
QUEST_20150401_001720	
QUEST_20150401_001721	
QUEST_20150401_001722	
QUEST_20150401_001723	
QUEST_20150401_001724	
QUEST_20150401_001725	
QUEST_20150401_001726	
QUEST_20150401_001727	
QUEST_20150401_001728	
QUEST_20150401_001729	
QUEST_20150401_001730	
QUEST_20150401_001731	
QUEST_20150401_001732	
QUEST_20150401_001733	
QUEST_20150401_001734	
QUEST_20150401_001735	
QUEST_20150401_001736	
xQUEST_20150401_001737	
QUEST_20150401_001738	
QUEST_20150401_001739	
QUEST_20150401_001740	
QUEST_20150401_001741	
QUEST_20150401_001742	
QUEST_20150401_001743	
QUEST_20150401_001744	
QUEST_20150401_001745	
QUEST_20150401_001746	
QUEST_20150401_001747	
QUEST_20150401_001748	
QUEST_20150401_001749	
QUEST_20150401_001750	
QUEST_20150401_001751	
QUEST_20150401_001752	
QUEST_20150401_001753	
QUEST_20150401_001754	
QUEST_20150401_001755	
QUEST_20150401_001756	
QUEST_20150401_001757	
QUEST_20150401_001758	
QUEST_20150401_001759	
QUEST_20150401_001760	
QUEST_20150401_001761	
QUEST_20150401_001762	
QUEST_20150401_001763	
QUEST_20150401_001764	
QUEST_20150401_001765	
QUEST_20150401_001766	
QUEST_20150401_001767	
QUEST_20150401_001768	
QUEST_20150406_001769	
QUEST_20150406_001770	
QUEST_20150406_001771	
QUEST_20150406_001772	
QUEST_20150406_001773	
QUEST_20150406_001774	
QUEST_20150406_001775	
QUEST_20150406_001776	
QUEST_20150406_001777	
QUEST_20150406_001778	
QUEST_20150406_001779	
QUEST_20150406_001780	
QUEST_20150406_001781	
QUEST_20150406_001782	
QUEST_20150406_001783	
QUEST_20150406_001784	
QUEST_20150406_001785	
QUEST_20150406_001786	
QUEST_20150406_001787	
QUEST_20150406_001788	
QUEST_20150406_001789	
QUEST_20150406_001790	
QUEST_20150406_001791	
QUEST_20150406_001792	
QUEST_20150406_001793	
QUEST_20150406_001794	
QUEST_20150406_001795	
QUEST_20150406_001796	
QUEST_20150406_001797	
QUEST_20150406_001798	
QUEST_20150406_001799	
QUEST_20150406_001800	
QUEST_20150414_001801	
QUEST_20150414_001802	
QUEST_20150414_001803	
QUEST_20150414_001804	
QUEST_20150414_001805	
QUEST_20150414_001806	
QUEST_20150414_001807	
QUEST_20150414_001808	
QUEST_20150414_001809	
QUEST_20150414_001810	
QUEST_20150414_001811	
QUEST_20150414_001812	
QUEST_20150414_001813	
QUEST_20150414_001814	
QUEST_20150414_001815	
QUEST_20150414_001816	
QUEST_20150414_001817	
QUEST_20150414_001818	
QUEST_20150414_001819	
QUEST_20150414_001820	
QUEST_20150414_001821	
QUEST_20150414_001822	
QUEST_20150414_001823	
QUEST_20150414_001824	
QUEST_20150414_001825	
QUEST_20150414_001826	
QUEST_20150414_001827	
QUEST_20150414_001828	
QUEST_20150414_001829	
QUEST_20150414_001830	
QUEST_20150414_001831	
QUEST_20150414_001832	
QUEST_20150414_001833	
QUEST_20150414_001834	
QUEST_20150414_001835	
QUEST_20150414_001836	
QUEST_20150414_001837	
QUEST_20150414_001838	
QUEST_20150414_001839	
QUEST_20150414_001840	
QUEST_20150414_001841	
QUEST_20150414_001842	
QUEST_20150414_001843	
QUEST_20150414_001844	
QUEST_20150414_001845	
QUEST_20150414_001846	
QUEST_20150414_001847	
QUEST_20150414_001848	
QUEST_20150414_001849	
QUEST_20150414_001850	
QUEST_20150414_001851	
QUEST_20150414_001852	
QUEST_20150414_001853	
QUEST_20150414_001854	
QUEST_20150414_001855	
QUEST_20150414_001856	
QUEST_20150414_001857	
QUEST_20150414_001858	
QUEST_20150414_001859	
QUEST_20150414_001860	
QUEST_20150414_001861	
QUEST_20150414_001862	
xQUEST_20150414_001863	
QUEST_20150414_001864	
QUEST_20150414_001865	
QUEST_20150414_001866	
QUEST_20150414_001867	
QUEST_20150414_001868	
QUEST_20150414_001869	
QUEST_20150414_001870	
QUEST_20150414_001871	
QUEST_20150414_001872	
QUEST_20150414_001873	
QUEST_20150414_001874	
QUEST_20150414_001875	
QUEST_20150414_001876	
QUEST_20150414_001877	
QUEST_20150414_001878	
QUEST_20150414_001879	
QUEST_20150414_001880	
QUEST_20150414_001881	
QUEST_20150414_001882	
QUEST_20150414_001883	
QUEST_20150414_001884	
QUEST_20150414_001885	
QUEST_20150414_001886	
QUEST_20150414_001887	
QUEST_20150414_001888	
QUEST_20150414_001889	
QUEST_20150414_001890	
QUEST_20150414_001891	
QUEST_20150428_001892	
QUEST_20150428_001893	
QUEST_20150428_001894	
QUEST_20150428_001895	
QUEST_20150428_001896	
QUEST_20150428_001897	
QUEST_20150428_001898	
QUEST_20150428_001899	
QUEST_20150428_001900	
QUEST_20150428_001901	
QUEST_20150428_001902	
QUEST_20150428_001903	
QUEST_20150428_001904	
QUEST_20150428_001905	
QUEST_20150428_001906	
QUEST_20150428_001907	
QUEST_20150428_001908	
QUEST_20150428_001909	
QUEST_20150428_001910	
QUEST_20150428_001911	
QUEST_20150428_001912	
QUEST_20150428_001913	
QUEST_20150428_001914	
QUEST_20150428_001915	
QUEST_20150428_001916	
QUEST_20150428_001917	
QUEST_20150428_001918	
QUEST_20150428_001919	
QUEST_20150428_001920	
QUEST_20150428_001921	
QUEST_20150428_001922	
QUEST_20150428_001923	
QUEST_20150428_001924	
QUEST_20150428_001925	
QUEST_20150428_001926	
QUEST_20150428_001927	
QUEST_20150428_001928	
QUEST_20150428_001929	
QUEST_20150428_001930	
QUEST_20150428_001931	
QUEST_20150428_001932	
QUEST_20150428_001933	
QUEST_20150428_001934	
QUEST_20150428_001935	
QUEST_20150428_001936	
QUEST_20150428_001937	
QUEST_20150428_001938	
QUEST_20150428_001939	
QUEST_20150428_001940	
QUEST_20150428_001941	
QUEST_20150428_001942	
QUEST_20150428_001943	
QUEST_20150428_001944	
QUEST_20150428_001945	
QUEST_20150428_001946	
QUEST_20150428_001947	
QUEST_20150428_001948	
QUEST_20150428_001949	
QUEST_20150428_001950	
QUEST_20150428_001951	
QUEST_20150428_001952	
QUEST_20150428_001953	
QUEST_20150428_001954	
QUEST_20150428_001955	
QUEST_20150428_001956	
QUEST_20150428_001957	
QUEST_20150428_001958	
QUEST_20150428_001959	
QUEST_20150428_001960	
QUEST_20150428_001961	
QUEST_20150428_001962	
QUEST_20150428_001963	
QUEST_20150428_001964	
QUEST_20150428_001965	
QUEST_20150428_001966	
QUEST_20150428_001967	
QUEST_20150428_001968	
QUEST_20150428_001969	
QUEST_20150428_001970	
QUEST_20150428_001971	
QUEST_20150428_001972	
QUEST_20150428_001973	
QUEST_20150428_001974	
QUEST_20150428_001975	
QUEST_20150428_001976	
xQUEST_20150428_001977	
QUEST_20150428_001978	
QUEST_20150428_001979	
QUEST_20150428_001980	
QUEST_20150428_001981	
QUEST_20150428_001982	
QUEST_20150511_001983	
QUEST_20150511_001984	
QUEST_20150511_001985	
QUEST_20150511_001986	
QUEST_20150511_001987	
QUEST_20150511_001988	
QUEST_20150511_001989	
QUEST_20150511_001990	
QUEST_20150511_001991	
QUEST_20150511_001992	
QUEST_20150511_001993	
QUEST_20150511_001994	
QUEST_20150511_001995	
QUEST_20150511_001996	
QUEST_20150511_001997	
QUEST_20150511_001998	
QUEST_20150511_001999	
QUEST_20150511_002000	
QUEST_20150511_002001	
QUEST_20150511_002002	
QUEST_20150511_002003	
QUEST_20150511_002004	
QUEST_20150511_002005	
QUEST_20150511_002006	
QUEST_20150511_002007	
QUEST_20150511_002008	
QUEST_20150511_002009	
QUEST_20150511_002010	
QUEST_20150511_002011	
QUEST_20150511_002012	
QUEST_20150511_002013	
QUEST_20150511_002014	
QUEST_20150511_002015	
QUEST_20150511_002016	
QUEST_20150511_002017	
QUEST_20150511_002018	
QUEST_20150511_002019	
QUEST_20150511_002020	
QUEST_20150511_002021	
QUEST_20150511_002022	
QUEST_20150511_002023	
QUEST_20150511_002024	
QUEST_20150511_002025	
QUEST_20150511_002026	
QUEST_20150511_002027	
QUEST_20150511_002028	
QUEST_20150511_002029	
QUEST_20150511_002030	
QUEST_20150511_002031	
QUEST_20150511_002032	
QUEST_20150511_002033	
QUEST_20150714_002034	
QUEST_20150714_002035	
QUEST_20150714_002036	
QUEST_20150714_002037	
QUEST_20150714_002038	
QUEST_20150714_002039	
QUEST_20150714_002040	
QUEST_20150714_002041	
QUEST_20150714_002042	
QUEST_20150714_002043	
QUEST_20150714_002044	
QUEST_20150714_002045	
QUEST_20150714_002046	
QUEST_20150714_002047	
QUEST_20150714_002048	
QUEST_20150714_002049	
QUEST_20150714_002050	
QUEST_20150714_002051	
QUEST_20150714_002052	
QUEST_20150714_002053	
QUEST_20150714_002054	
QUEST_20150714_002055	
QUEST_20150714_002056	
QUEST_20150714_002057	
QUEST_20150714_002058	
QUEST_20150714_002059	
QUEST_20150714_002060	
QUEST_20150714_002061	
QUEST_20150714_002062	
QUEST_20150714_002063	
QUEST_20150714_002064	
QUEST_20150714_002065	
QUEST_20150714_002066	
QUEST_20150714_002067	
QUEST_20150714_002068	
QUEST_20150714_002069	
QUEST_20150714_002070	
QUEST_20150714_002071	
QUEST_20150714_002072	
QUEST_20150714_002073	
QUEST_20150714_002074	
QUEST_20150714_002075	
QUEST_20150714_002076	
QUEST_20150714_002077	
QUEST_20150714_002078	
QUEST_20150714_002079	
QUEST_20150714_002080	
QUEST_20150714_002081	
QUEST_20150714_002082	
QUEST_20150714_002083	
QUEST_20150714_002084	
QUEST_20150714_002085	
QUEST_20150714_002086	
QUEST_20150714_002087	
QUEST_20150714_002088	
QUEST_20150714_002089	
QUEST_20150714_002090	
QUEST_20150714_002091	
QUEST_20150714_002092	
QUEST_20150714_002093	
QUEST_20150714_002094	
QUEST_20150714_002095	
QUEST_20150714_002096	
QUEST_20150714_002097	
QUEST_20150714_002098	
QUEST_20150714_002099	
QUEST_20150714_002100	
QUEST_20150714_002101	
QUEST_20150714_002102	
QUEST_20150714_002103	
QUEST_20150714_002104	
QUEST_20150714_002105	
QUEST_20150714_002106	
QUEST_20150714_002107	
QUEST_20150714_002108	
QUEST_20150714_002109	
QUEST_20150714_002110	
QUEST_20150714_002111	
QUEST_20150714_002112	
QUEST_20150714_002113	
QUEST_20150714_002114	
QUEST_20150714_002115	
QUEST_20150714_002116	
QUEST_20150714_002117	
xQUEST_20150714_002118	
xQUEST_20150714_002119	
QUEST_20150714_002120	
QUEST_20150714_002121	
QUEST_20150714_002122	
QUEST_20150714_002123	
QUEST_20150714_002124	
QUEST_20150714_002125	
QUEST_20150714_002126	
QUEST_20150714_002127	
QUEST_20150714_002128	
QUEST_20150714_002129	
QUEST_20150714_002130	
QUEST_20150714_002131	
QUEST_20150714_002132	
QUEST_20150714_002133	
QUEST_20150714_002134	
QUEST_20150714_002135	
QUEST_20150714_002136	
QUEST_20150714_002137	
QUEST_20150714_002138	
QUEST_20150714_002139	
QUEST_20150714_002140	
QUEST_20150714_002141	
QUEST_20150714_002142	
QUEST_20150714_002143	
QUEST_20150714_002144	
QUEST_20150714_002145	
QUEST_20150714_002146	
QUEST_20150714_002147	
QUEST_20150714_002148	
QUEST_20150714_002149	
QUEST_20150714_002150	
QUEST_20150714_002151	
QUEST_20150714_002152	
QUEST_20150714_002153	
QUEST_20150714_002154	
QUEST_20150714_002155	
QUEST_20150714_002156	
QUEST_20150714_002157	
QUEST_20150714_002158	
QUEST_20150714_002159	
QUEST_20150714_002160	
QUEST_20150714_002161	
QUEST_20150714_002162	
QUEST_20150714_002163	
QUEST_20150714_002164	
QUEST_20150714_002165	
QUEST_20150714_002166	
QUEST_20150714_002167	
QUEST_20150714_002168	
QUEST_20150714_002169	
QUEST_20150714_002170	
QUEST_20150714_002171	
QUEST_20150714_002172	
QUEST_20150714_002173	
QUEST_20150714_002174	
QUEST_20150714_002175	
QUEST_20150714_002176	
QUEST_20150714_002177	
QUEST_20150714_002178	
QUEST_20150714_002179	
QUEST_20150714_002180	
QUEST_20150714_002181	
QUEST_20150714_002182	
QUEST_20150714_002183	
QUEST_20150714_002184	
QUEST_20150714_002185	
QUEST_20150714_002186	
QUEST_20150714_002187	
QUEST_20150714_002188	
QUEST_20150714_002189	
QUEST_20150714_002190	
QUEST_20150714_002191	
QUEST_20150714_002192	
QUEST_20150714_002193	
QUEST_20150714_002194	
QUEST_20150714_002195	
QUEST_20150714_002196	
QUEST_20150714_002197	
QUEST_20150714_002198	
QUEST_20150714_002199	
QUEST_20150714_002200	
QUEST_20150714_002201	
QUEST_20150714_002202	
QUEST_20150714_002203	
QUEST_20150714_002204	
QUEST_20150714_002205	
QUEST_20150714_002206	
QUEST_20150714_002207	
xQUEST_20150714_002208	
QUEST_20150714_002209	
QUEST_20150714_002210	
QUEST_20150714_002211	
xQUEST_20150714_002212	
QUEST_20150714_002213	
QUEST_20150714_002214	
QUEST_20150714_002215	
QUEST_20150714_002216	
QUEST_20150714_002217	
QUEST_20150714_002218	
xQUEST_20150714_002219	
QUEST_20150714_002220	
QUEST_20150714_002221	
QUEST_20150714_002222	
QUEST_20150714_002223	
QUEST_20150714_002224	
QUEST_20150714_002225	
QUEST_20150714_002226	
QUEST_20150714_002227	
QUEST_20150714_002228	
QUEST_20150714_002229	
QUEST_20150714_002230	
QUEST_20150714_002231	
QUEST_20150714_002232	
QUEST_20150714_002233	
QUEST_20150714_002234	
QUEST_20150714_002235	
QUEST_20150714_002236	
QUEST_20150714_002237	
QUEST_20150714_002238	
QUEST_20150714_002239	
QUEST_20150714_002240	
QUEST_20150714_002241	
QUEST_20150714_002242	
xQUEST_20150714_002243	
QUEST_20150714_002244	
QUEST_20150714_002245	
QUEST_20150714_002246	
QUEST_20150714_002247	
QUEST_20150714_002248	
QUEST_20150715_002249	
QUEST_20150717_002250	
QUEST_20150717_002251	
QUEST_20150717_002252	
ixQUEST_20150717_002253	
QUEST_20150717_002254	
QUEST_20150717_002255	
QUEST_20150717_002256	
QUEST_20150717_002257	
QUEST_20150717_002258	
QUEST_20150717_002259	
QUEST_20150717_002260	
QUEST_20150717_002261	
QUEST_20150717_002262	
QUEST_20150717_002263	
QUEST_20150717_002264	
QUEST_20150717_002265	
QUEST_20150717_002266	
QUEST_20150717_002267	
xQUEST_20150717_002268	
QUEST_20150717_002269	
QUEST_20150717_002270	
QUEST_20150717_002271	
QUEST_20150717_002272	
QUEST_20150717_002273	
QUEST_20150717_002274	